<?xml version="1.0" encoding="UTF-8"?>
<con:config xmlns:con="http://www.sourceid.org/2004/05/config">
    <con:item name="Associated">true</con:item>
    <con:item name="ApplicationDockEndpoint">https://desktop.pingone.com/cd-1083409770.pingidentity</con:item>
    <con:item name="ProvisioningBaseUrl">https://scim.connect.pingidentity.com/prov-service</con:item>
    <con:item name="KeyPairAlias">go3dgeze9f63lxtmqyvb2yxj1</con:item>
    <con:item name="ClientId">20d76876-6991-4f7b-83c2-298dfbd6b246</con:item>
    <con:item name="AccountId">5c0d93cd-d474-4dc1-a478-bdaed2f79898</con:item>
    <con:item name="CompanyName">robpieper@pingidentity.com</con:item>
</con:config>