<?xml version="1.0" encoding="UTF-8"?>
<con:config xmlns:con="http://www.sourceid.org/2004/05/config">
    <con:item name="Associated">true</con:item>
    <con:item name="ApplicationDockEndpoint">https://desktop.pingone.com/cd-1083409770.pingidentity</con:item>
    <con:item name="ProvisioningBaseUrl">https://scim.connect.pingidentity.com/prov-service</con:item>
    <con:item name="KeyPairAlias">jpkr50dai1mmj34d4hs8qnpq6</con:item>
    <con:item name="ClientId">3e2ffb29-45d8-4e76-8db5-4f1d6f2efbc5</con:item>
    <con:item name="AccountId">5c0d93cd-d474-4dc1-a478-bdaed2f79898</con:item>
    <con:item name="CompanyName">robpieper@pingidentity.com</con:item>
</con:config>