<?xml version="1.0" encoding="UTF-8"?>
<con:config xmlns:con="http://www.sourceid.org/2004/05/config">
    <con:item name="Associated">true</con:item>
    <con:item name="ApplicationDockEndpoint">https://desktop.pingone.com/cd-1083409770.pingidentity</con:item>
    <con:item name="ProvisioningBaseUrl">https://scim.connect.pingidentity.com/prov-service</con:item>
    <con:item name="KeyPairAlias">g0w65cbib1s56d014hmp2kxcv</con:item>
    <con:item name="ClientId">93da4310-5314-4892-b8a0-70d93053a3a9</con:item>
    <con:item name="AccountId">5c0d93cd-d474-4dc1-a478-bdaed2f79898</con:item>
    <con:item name="CompanyName">robpieper@pingidentity.com</con:item>
</con:config>