<?xml version="1.0" encoding="UTF-8"?>
<con:config xmlns:con="http://www.sourceid.org/2004/05/config">
    <con:item name="SigningKeyPairAlias">v8m5h9qrw85dgmndgv47k76xz</con:item>
    <con:item name="MetadataUploadPending">false</con:item>
    <con:item name="ProvisioningUsername">prov-h706pIipK0</con:item>
    <con:item name="EncryptedProvisioningPassword">OBF:JWE:eyJhbGciOiJkaXIiLCJlbmMiOiJBMTI4Q0JDLUhTMjU2Iiwia2lkIjoiRW1JY1UxOVdueSIsInZlcnNpb24iOiI5LjMuMS4xIn0..KsRD06Vz2clTnEKSvKkLLA.Y04IQIVO7tz5p3C-0L1A6skk8zuYsjAk68RqMli9smk.vcNIVuL057Wq_NZrESqiiw</con:item>
</con:config>