<?xml version="1.0" encoding="UTF-8"?>
<con:config xmlns:con="http://www.sourceid.org/2004/05/config">
    <con:item name="SigningKeyPairAlias">v8m5h9qrw85dgmndgv47k76xz</con:item>
    <con:item name="MetadataUploadPending">false</con:item>
    <con:item name="ProvisioningUsername">prov-h5calrQkB5</con:item>
    <con:item name="EncryptedProvisioningPassword">OBF:JWE:eyJhbGciOiJkaXIiLCJlbmMiOiJBMTI4Q0JDLUhTMjU2Iiwia2lkIjoiRW1JY1UxOVdueSIsInZlcnNpb24iOiI5LjMuMS4xIn0..cgjw8Q6Zza5Z9kzoxZ9n2w.k-1BpbKQ8ftVsQH_OxEi8IwBBvoOv_UVhgn-o-AFqjQ.PvCkiIAkF5bt5ZVUGIho7w</con:item>
</con:config>