<?xml version="1.0" encoding="UTF-8"?>
<urn:PluginConfiguration isInheritExtendedContractAttributes="false" name="PingOne Simple PCV" xmlns:urn="urn:sourceid.org:saml2:adapter:conf">
    <urn:Fields/>
    <urn:AdvancedFields/>
    <urn:Tables>
        <urn:Table name="Users">
            <urn:Row>
                <urn:Field name="Username">joe</urn:Field>
                <urn:Field name="Password">7B8IHSEL-X80mEMCXHFM6HTSTEhIepLp5UBjxA0NHjM.ybqHx3Se.2</urn:Field>
                <urn:Field name="Confirm Password">7B8IHSEL-X80mEMCXHFM6HTSTEhIepLp5UBjxA0NHjM.ybqHx3Se.2</urn:Field>
            </urn:Row>
            <urn:Row>
                <urn:Field name="Username">sarah</urn:Field>
                <urn:Field name="Password">vo0hoUjdF_YPxSTzzid7JxwJ1NfBsV38irEKNo-AAi0.ZHPuMfZo.2</urn:Field>
                <urn:Field name="Confirm Password">vo0hoUjdF_YPxSTzzid7JxwJ1NfBsV38irEKNo-AAi0.ZHPuMfZo.2</urn:Field>
            </urn:Row>
        </urn:Table>
    </urn:Tables>
</urn:PluginConfiguration>